12345678911_1_color_size,商品名サンプル1,451234567889
12345678912_1_color_size,商品名サンプル2,451234567890
12345678913_1_color_size,商品名サンプル3,451234567891
12345678914_1_color_size,商品名サンプル4,451234567892
12345678915_1_color_size,商品名サンプル5,451234567893
12345678916_1_color_size,商品名サンプル6,451234567894
12345678917_1_color_size,商品名サンプル7,451234567895
12345678918_1_color_size,商品名サンプル8,451234567896
12345678919_1_color_size,商品名サンプル9,451234567897
12345678920_1_color_size,商品名サンプル10,451234567898
12345678921_1_color_size,商品名サンプル11,451234567899
12345678922_1_color_size,商品名サンプル12,451234567900
12345678923_1_color_size,商品名サンプル13,451234567901
12345678924_1_color_size,商品名サンプル14,451234567902
12345678925_1_color_size,商品名サンプル15,451234567903
12345678926_1_color_size,商品名サンプル16,451234567904
12345678927_1_color_size,商品名サンプル17,451234567905
12345678928_1_color_size,商品名サンプル18,451234567906
12345678929_1_color_size,商品名サンプル19,451234567907
12345678930_1_color_size,商品名サンプル20,451234567908
12345678931_1_color_size,商品名サンプル21,451234567909
12345678932_1_color_size,商品名サンプル22,451234567910
12345678933_1_color_size,商品名サンプル23,451234567911
12345678934_1_color_size,商品名サンプル24,451234567912
12345678935_1_color_size,商品名サンプル25,451234567913
12345678936_1_color_size,商品名サンプル26,451234567914
12345678937_1_color_size,商品名サンプル27,451234567915
12345678938_1_color_size,商品名サンプル28,451234567916
12345678939_1_color_size,商品名サンプル29,451234567917
12345678940_1_color_size,商品名サンプル30,451234567918
12345678941_1_color_size,商品名サンプル31,451234567919
12345678942_1_color_size,商品名サンプル32,451234567920
12345678943_1_color_size,商品名サンプル33,451234567921
12345678944_1_color_size,商品名サンプル34,451234567922
12345678945_1_color_size,商品名サンプル35,451234567923
12345678946_1_color_size,商品名サンプル36,451234567924
12345678947_1_color_size,商品名サンプル37,451234567925
12345678948_1_color_size,商品名サンプル38,451234567926
12345678949_1_color_size,商品名サンプル39,451234567927
12345678950_1_color_size,商品名サンプル40,451234567928
12345678951_1_color_size,商品名サンプル41,451234567929
12345678952_1_color_size,商品名サンプル42,451234567930
12345678953_1_color_size,商品名サンプル43,451234567931
12345678954_1_color_size,商品名サンプル44,451234567932
12345678955_1_color_size,商品名サンプル45,451234567933
12345678956_1_color_size,商品名サンプル46,451234567934
12345678957_1_color_size,商品名サンプル47,451234567935
12345678958_1_color_size,商品名サンプル48,451234567936
12345678959_1_color_size,商品名サンプル49,451234567937
12345678960_1_color_size,商品名サンプル50,451234567938
12345678961_1_color_size,商品名サンプル51,451234567939
12345678962_1_color_size,商品名サンプル52,451234567940
12345678963_1_color_size,商品名サンプル53,451234567941
12345678964_1_color_size,商品名サンプル54,451234567942
12345678965_1_color_size,商品名サンプル55,451234567943
12345678966_1_color_size,商品名サンプル56,451234567944
12345678967_1_color_size,商品名サンプル57,451234567945
12345678968_1_color_size,商品名サンプル58,451234567946
12345678969_1_color_size,商品名サンプル59,451234567947
12345678970_1_color_size,商品名サンプル60,451234567948
12345678971_1_color_size,商品名サンプル61,451234567949
12345678972_1_color_size,商品名サンプル62,451234567950
12345678973_1_color_size,商品名サンプル63,451234567951
12345678974_1_color_size,商品名サンプル64,451234567952
12345678975_1_color_size,商品名サンプル65,451234567953
12345678976_1_color_size,商品名サンプル66,451234567954
12345678977_1_color_size,商品名サンプル67,451234567955
12345678978_1_color_size,商品名サンプル68,451234567956
12345678979_1_color_size,商品名サンプル69,451234567957
12345678980_1_color_size,商品名サンプル70,451234567958
12345678981_1_color_size,商品名サンプル71,451234567959
12345678982_1_color_size,商品名サンプル72,451234567960
12345678983_1_color_size,商品名サンプル73,451234567961
12345678984_1_color_size,商品名サンプル74,451234567962
12345678985_1_color_size,商品名サンプル75,451234567963
12345678986_1_color_size,商品名サンプル76,451234567964
12345678987_1_color_size,商品名サンプル77,451234567965
12345678988_1_color_size,商品名サンプル78,451234567966
12345678989_1_color_size,商品名サンプル79,451234567967
12345678990_1_color_size,商品名サンプル80,451234567968
12345678991_1_color_size,商品名サンプル81,451234567969
12345678992_1_color_size,商品名サンプル82,451234567970
12345678993_1_color_size,商品名サンプル83,451234567971
12345678994_1_color_size,商品名サンプル84,451234567972
12345678995_1_color_size,商品名サンプル85,451234567973
12345678996_1_color_size,商品名サンプル86,451234567974
12345678997_1_color_size,商品名サンプル87,451234567975
12345678998_1_color_size,商品名サンプル88,451234567976
12345678999_1_color_size,商品名サンプル89,451234567977
12345679000_1_color_size,商品名サンプル90,451234567978
12345679001_1_color_size,商品名サンプル91,451234567979
12345679002_1_color_size,商品名サンプル92,451234567980
12345679003_1_color_size,商品名サンプル93,451234567981
12345679004_1_color_size,商品名サンプル94,451234567982
12345679005_1_color_size,商品名サンプル95,451234567983
12345679006_1_color_size,商品名サンプル96,451234567984
12345679007_1_color_size,商品名サンプル97,451234567985
12345679008_1_color_size,商品名サンプル98,451234567986
12345679009_1_color_size,商品名サンプル99,451234567987
12345679010_1_color_size,商品名サンプル100,451234567988
12345679999_1_color_size,商品名サンプル101,451234567988